INSERT INTO Student VALUES ('user', 'Michael', 'I', 'Jordan', 'user1', 80512345, 0, 'Database Managment', 0.45, '2020-12-15', 'Received NSF Grant', 'vvapnik'); 
INSERT INTO Student VALUES ('etardos', 'Eva', '', 'Tardos', 'optimization', 80512346, 0, 'Database Managment', 1.45, '2021-12-15', 'Received IEEE Grant', 'jgosling');
INSERT INTO Student VALUES ('pcousot', 'Patrick', '', 'Cousot', 'abstraction', 80512347, 0, 'Database Managment', 2.45, '2022-06-15', '', 'emccluskey');
INSERT INTO Student VALUES ('aaho', 'Alfred', '', 'Aho', 'fgrep', 80512348, 0, 'Data Structures', 3.45, '2022-06-15', '', ‘emccluskey');
INSERT INTO Student VALUES ('rfitch','Robin', 'A', 'Fitch', 'coolpass6',  '80512346', 0, 'Cyber Security', '3.75', '2019-12-15', 'NSF', 'jgosling');
INSERT INTO Student VALUES (‘tdoe', 'Tim', 'C', 'Doe','coolpass7', '80512347', 0, 'Machine Learning', '3.95', '2021-12-15', 'NIH', 'jgosling');
INSERT INTO Student VALUES ('jdoe', 'Josh', 'D', 'Doe', 'coolpass7',  '80512348', 0, 'Information Systems', '3.95', '2021-12-15', 'NIH', 'jgosling');
INSERT INTO Student VALUES ('aliz', 'Ash', 'H', 'Liz','coolpass8',  '80512349', 0, 'Cyber Security', '2.50', '2021-12-15', 'NONE', 'jgosling');
INSERT INTO Student VALUES ('azou', 'Astor', 'M', 'Zou', 'coolpass9', '80512350', 0,'Information Systems', '3.50', '2021-12-15', 'DOE', 'jgosling');
INSERT INTO Student VALUES ('jzhao', 'Jeremy', 'S', 'Zhao','coolpass10', '80512351', 0,'Machine Learning', '3.95',  '2020-12-15', 'NSF', 'jgosling');
INSERT INTO Faculty VALUES ('vvapnik', 'statistics', 'Vladimir', '', 'Vapnik'); 
INSERT INTO Faculty VALUES ('jgosling', 'java', 'James', 'A', 'Gosling');
INSERT INTO Faculty VALUES ('emccluskey', 'electrical', 'Edward', 'J', ‘McCluskey’);
INSERT INTO Admin VALUES ('sgraham', 'performance', 'Susan', 'L', 'Graham'); 
INSERT INTO Admin VALUES ('llamport', 'latex', 'Leslie', '', 'Lamport');
INSERT INTO Admin VALUES ('bliskov', 'oo', 'Barbara', 'H', 'Liskov');
INSERT INTO Student_milestones VALUES ('etardos', 'Successful completion of qualifying process', '2021-01-05');
INSERT INTO Student_milestones VALUES ('pcousot', 'Coursework successfully completed', '2018-10-05');
INSERT INTO Student_milestones VALUES ('pcousot', 'Dissertation proposal completed and approved', '2019-05-02');
INSERT INTO Student_courses VALUES (‘etardos’, ‘CS 4311’);
INSERT INTO Student_courses VALUES (‘etardos’, ‘CS 5343’);
INSERT INTO Student_courses VALUES (‘pcousot’, ‘CS 5678’);
INSERT INTO Student_conferences VALUES ('etardos', 'Defcon 2018');
INSERT INTO Student_conferences VALUES ('pcousot', 'ICML 2019');
INSERT INTO Student_conferences VALUES ('pcousot', 'PyCon 2019');
INSERT INTO Student_papers VALUES ('etardos', 'Maximizing the spread of influence through a social network’, ‘2003-01-01’);
INSERT INTO Student_papers VALUES ('etardos', 'Influential nodes in a diffusion model for social networks’,  ‘2005-01-01‘);
INSERT INTO Student_papers VALUES ('pcousot', 'Systematic design of program analysis frameworks’, ‘1979-01-01‘);
INSERT INTO Confirms_updates VALUES (‘user’, 'sgraham'); 
INSERT INTO Confirms_updates VALUES (‘etardos’, 'llamport');
INSERT INTO Confirms_updates VALUES (‘pcousot’, 'bliskov');
INSERT INTO Advises VALUES (‘user’, 'vvapnik'); 
INSERT INTO Advises VALUES (‘etardos’, 'jgosling');
INSERT INTO Advises VALUES (’pcousot’, ’emccluskey');